id,email
1,jmatthews0@themeforest.net
2,bramirez1@latimes.com
3,kmyers2@xing.com
4,vwallace3@wisc.edu
5,wblack4@dion.ne.jp
6,agarza5@opera.com
7,parmstrong6@patch.com
8,egarrett7@cargocollective.com
9,mstevens8@epa.gov
10,dgrant9@nps.gov
11,preyesa@pagesperso-orange.fr
12,mbanksb@twitter.com
13,swilliamsonc@alexa.com
14,kbrooksd@chron.com
15,jwashingtone@unblog.fr
16,chansonf@com.com
17,mellisg@hud.gov
18,wsandersh@wordpress.com
19,jandrewsi@bbc.co.uk
20,ahallj@aol.com
21,bharrisk@fema.gov
22,rwoodsl@weather.com
23,lwashingtonm@house.gov
24,sbrooksn@homestead.com
25,dwallaceo@delicious.com
26,scolep@theatlantic.com
27,ashawq@bizjournals.com
28,tknightr@omniture.com
29,krodriguezs@bizjournals.com
30,jsmitht@go.com
31,ctorresu@psu.edu
32,fshawv@weebly.com
33,mpattersonw@nifty.com
34,arogersx@privacy.gov.au
35,skimy@kickstarter.com
36,cboydz@cbsnews.com
37,fclark10@cdc.gov
38,fstone11@weibo.com
39,delliott12@archive.org
40,whansen13@purevolume.com
41,ehicks14@nba.com
42,hsanchez15@telegraph.co.uk
43,awhite16@e-recht24.de
44,egarza17@phpbb.com
45,jross18@surveymonkey.com
